Name,Value
skycell.0667.000,0
skycell.0667.001,1
skycell.0667.010,2
skycell.0667.011,3
skycell.0667.012,4
skycell.0667.020,5
skycell.0667.021,6
skycell.0667.022,7
skycell.0667.030,8
skycell.0667.031,9
skycell.0667.032,10
skycell.0667.040,11
skycell.0667.041,12
skycell.0667.042,13
skycell.0667.050,14
skycell.0667.051,15
skycell.0667.052,16
skycell.0667.060,17
skycell.0667.061,18
skycell.0667.062,19
skycell.0667.070,20
skycell.0667.071,21
skycell.0667.072,22
skycell.0667.080,23
skycell.0667.081,24
skycell.0667.082,25
skycell.0667.090,26
skycell.0667.091,27
skycell.0667.092,28
skycell.0668.000,29
skycell.0668.001,30
skycell.0668.002,31
skycell.0668.003,32
skycell.0668.004,33
skycell.0668.005,34
skycell.0668.006,35
skycell.0668.007,36
skycell.0668.008,37
skycell.0668.009,38
skycell.0668.010,39
skycell.0668.011,40
skycell.0668.012,41
skycell.0668.013,42
skycell.0668.014,43
skycell.0668.015,44
skycell.0668.016,45
skycell.0668.017,46
skycell.0668.018,47
skycell.0668.019,48
skycell.0668.020,49
skycell.0668.021,50
skycell.0668.022,51
skycell.0668.023,52
skycell.0668.024,53
skycell.0668.025,54
skycell.0668.026,55
skycell.0668.027,56
skycell.0668.028,57
skycell.0668.029,58
skycell.0668.030,59
skycell.0668.031,60
skycell.0668.032,61
skycell.0668.033,62
skycell.0668.034,63
skycell.0668.035,64
skycell.0668.036,65
skycell.0668.037,66
skycell.0668.038,67
skycell.0668.039,68
skycell.0668.040,69
skycell.0668.041,70
skycell.0668.042,71
skycell.0668.043,72
skycell.0668.044,73
skycell.0668.045,74
skycell.0668.046,75
skycell.0668.047,76
skycell.0668.048,77
skycell.0668.049,78
skycell.0668.050,79
skycell.0668.051,80
skycell.0668.052,81
skycell.0668.053,82
skycell.0668.054,83
skycell.0668.055,84
skycell.0668.056,85
skycell.0668.057,86
skycell.0668.058,87
skycell.0668.059,88
skycell.0668.060,89
skycell.0668.061,90
skycell.0668.062,91
skycell.0668.063,92
skycell.0668.064,93
skycell.0668.065,94
skycell.0668.066,95
skycell.0668.067,96
skycell.0668.068,97
skycell.0668.069,98
skycell.0668.070,99
skycell.0668.071,100
skycell.0668.072,101
skycell.0668.073,102
skycell.0668.074,103
skycell.0668.075,104
skycell.0668.076,105
skycell.0668.077,106
skycell.0668.078,107
skycell.0668.079,108
skycell.0668.080,109
skycell.0668.081,110
skycell.0668.082,111
skycell.0668.083,112
skycell.0668.084,113
skycell.0668.085,114
skycell.0668.086,115
skycell.0668.087,116
skycell.0668.088,117
skycell.0668.089,118
skycell.0668.090,119
skycell.0668.091,120
skycell.0668.092,121
skycell.0668.093,122
skycell.0668.094,123
skycell.0668.095,124
skycell.0668.096,125
skycell.0668.097,126
skycell.0668.098,127
skycell.0668.099,128
skycell.0669.000,129
skycell.0669.001,130
skycell.0669.002,131
skycell.0669.003,132
skycell.0669.004,133
skycell.0669.005,134
skycell.0669.006,135
skycell.0669.007,136
skycell.0669.008,137
skycell.0669.009,138
skycell.0669.010,139
skycell.0669.011,140
skycell.0669.012,141
skycell.0669.013,142
skycell.0669.014,143
skycell.0669.015,144
skycell.0669.016,145
skycell.0669.017,146
skycell.0669.018,147
skycell.0669.019,148
skycell.0669.020,149
skycell.0669.021,150
skycell.0669.022,151
skycell.0669.023,152
skycell.0669.024,153
skycell.0669.025,154
skycell.0669.026,155
skycell.0669.027,156
skycell.0669.028,157
skycell.0669.029,158
skycell.0669.030,159
skycell.0669.031,160
skycell.0669.032,161
skycell.0669.033,162
skycell.0669.034,163
skycell.0669.035,164
skycell.0669.036,165
skycell.0669.037,166
skycell.0669.038,167
skycell.0669.039,168
skycell.0669.040,169
skycell.0669.041,170
skycell.0669.042,171
skycell.0669.043,172
skycell.0669.044,173
skycell.0669.045,174
skycell.0669.046,175
skycell.0669.047,176
skycell.0669.048,177
skycell.0669.049,178
skycell.0669.050,179
skycell.0669.051,180
skycell.0669.052,181
skycell.0669.053,182
skycell.0669.054,183
skycell.0669.055,184
skycell.0669.056,185
skycell.0669.057,186
skycell.0669.058,187
skycell.0669.059,188
skycell.0669.060,189
skycell.0669.061,190
skycell.0669.062,191
skycell.0669.063,192
skycell.0669.064,193
skycell.0669.065,194
skycell.0669.066,195
skycell.0669.067,196
skycell.0669.068,197
skycell.0669.069,198
skycell.0669.070,199
skycell.0669.071,200
skycell.0669.072,201
skycell.0669.073,202
skycell.0669.074,203
skycell.0669.075,204
skycell.0669.076,205
skycell.0669.077,206
skycell.0669.078,207
skycell.0669.079,208
skycell.0669.080,209
skycell.0669.081,210
skycell.0669.082,211
skycell.0669.083,212
skycell.0669.084,213
skycell.0669.085,214
skycell.0669.086,215
skycell.0669.087,216
skycell.0669.088,217
skycell.0669.089,218
skycell.0669.090,219
skycell.0669.091,220
skycell.0669.092,221
skycell.0669.093,222
skycell.0669.094,223
skycell.0669.095,224
skycell.0669.096,225
skycell.0669.097,226
skycell.0669.098,227
skycell.0669.099,228
skycell.0670.000,229
skycell.0670.001,230
skycell.0670.002,231
skycell.0670.003,232
skycell.0670.004,233
skycell.0670.005,234
skycell.0670.006,235
skycell.0670.007,236
skycell.0670.008,237
skycell.0670.009,238
skycell.0670.010,239
skycell.0670.011,240
skycell.0670.012,241
skycell.0670.013,242
skycell.0670.014,243
skycell.0670.015,244
skycell.0670.016,245
skycell.0670.017,246
skycell.0670.018,247
skycell.0670.019,248
skycell.0670.020,249
skycell.0670.021,250
skycell.0670.022,251
skycell.0670.023,252
skycell.0670.024,253
skycell.0670.025,254
skycell.0670.026,255
skycell.0670.027,256
skycell.0670.028,257
skycell.0670.029,258
skycell.0670.030,259
skycell.0670.031,260
skycell.0670.032,261
skycell.0670.033,262
skycell.0670.034,263
skycell.0670.035,264
skycell.0670.036,265
skycell.0670.037,266
skycell.0670.038,267
skycell.0670.039,268
skycell.0670.040,269
skycell.0670.041,270
skycell.0670.042,271
skycell.0670.043,272
skycell.0670.044,273
skycell.0670.045,274
skycell.0670.046,275
skycell.0670.047,276
skycell.0670.048,277
skycell.0670.049,278
skycell.0670.050,279
skycell.0670.051,280
skycell.0670.052,281
skycell.0670.053,282
skycell.0670.054,283
skycell.0670.055,284
skycell.0670.056,285
skycell.0670.057,286
skycell.0670.058,287
skycell.0670.059,288
skycell.0670.060,289
skycell.0670.061,290
skycell.0670.062,291
skycell.0670.063,292
skycell.0670.064,293
skycell.0670.065,294
skycell.0670.066,295
skycell.0670.067,296
skycell.0670.068,297
skycell.0670.069,298
skycell.0670.070,299
skycell.0670.071,300
skycell.0670.072,301
skycell.0670.073,302
skycell.0670.074,303
skycell.0670.075,304
skycell.0670.076,305
skycell.0670.077,306
skycell.0670.078,307
skycell.0670.079,308
skycell.0670.080,309
skycell.0670.081,310
skycell.0670.082,311
skycell.0670.083,312
skycell.0670.084,313
skycell.0670.085,314
skycell.0670.086,315
skycell.0670.087,316
skycell.0670.088,317
skycell.0670.089,318
skycell.0670.090,319
skycell.0670.091,320
skycell.0670.092,321
skycell.0670.093,322
skycell.0670.094,323
skycell.0670.095,324
skycell.0670.096,325
skycell.0670.097,326
skycell.0670.098,327
skycell.0670.099,328
skycell.0671.000,329
skycell.0671.001,330
skycell.0671.002,331
skycell.0671.003,332
skycell.0671.004,333
skycell.0671.005,334
skycell.0671.006,335
skycell.0671.007,336
skycell.0671.008,337
skycell.0671.009,338
skycell.0671.010,339
skycell.0671.011,340
skycell.0671.012,341
skycell.0671.013,342
skycell.0671.014,343
skycell.0671.015,344
skycell.0671.016,345
skycell.0671.017,346
skycell.0671.018,347
skycell.0671.019,348
skycell.0671.020,349
skycell.0671.021,350
skycell.0671.022,351
skycell.0671.023,352
skycell.0671.024,353
skycell.0671.025,354
skycell.0671.026,355
skycell.0671.027,356
skycell.0671.028,357
skycell.0671.029,358
skycell.0671.030,359
skycell.0671.031,360
skycell.0671.032,361
skycell.0671.033,362
skycell.0671.034,363
skycell.0671.035,364
skycell.0671.036,365
skycell.0671.037,366
skycell.0671.038,367
skycell.0671.039,368
skycell.0671.040,369
skycell.0671.041,370
skycell.0671.042,371
skycell.0671.043,372
skycell.0671.044,373
skycell.0671.045,374
skycell.0671.046,375
skycell.0671.047,376
skycell.0671.048,377
skycell.0671.049,378
skycell.0671.050,379
skycell.0671.051,380
skycell.0671.052,381
skycell.0671.053,382
skycell.0671.054,383
skycell.0671.055,384
skycell.0671.056,385
skycell.0671.057,386
skycell.0671.058,387
skycell.0671.059,388
skycell.0671.060,389
skycell.0671.061,390
skycell.0671.062,391
skycell.0671.063,392
skycell.0671.064,393
skycell.0671.065,394
skycell.0671.066,395
skycell.0671.067,396
skycell.0671.068,397
skycell.0671.069,398
skycell.0671.070,399
skycell.0671.071,400
skycell.0671.072,401
skycell.0671.073,402
skycell.0671.074,403
skycell.0671.075,404
skycell.0671.076,405
skycell.0671.077,406
skycell.0671.078,407
skycell.0671.079,408
skycell.0671.080,409
skycell.0671.081,410
skycell.0671.082,411
skycell.0671.083,412
skycell.0671.084,413
skycell.0671.085,414
skycell.0671.086,415
skycell.0671.087,416
skycell.0671.088,417
skycell.0671.089,418
skycell.0671.090,419
skycell.0671.091,420
skycell.0671.092,421
skycell.0671.093,422
skycell.0671.094,423
skycell.0671.095,424
skycell.0671.096,425
skycell.0671.097,426
skycell.0671.098,427
skycell.0671.099,428
skycell.0672.007,429
skycell.0672.008,430
skycell.0672.009,431
skycell.0672.017,432
skycell.0672.018,433
skycell.0672.019,434
skycell.0672.027,435
skycell.0672.028,436
skycell.0672.029,437
skycell.0672.037,438
skycell.0672.038,439
skycell.0672.039,440
skycell.0672.047,441
skycell.0672.048,442
skycell.0672.049,443
skycell.0672.057,444
skycell.0672.058,445
skycell.0672.059,446
skycell.0672.067,447
skycell.0672.068,448
skycell.0672.069,449
skycell.0672.077,450
skycell.0672.078,451
skycell.0672.079,452
skycell.0672.087,453
skycell.0672.088,454
skycell.0672.089,455
skycell.0672.097,456
skycell.0672.098,457
skycell.0672.099,458
skycell.0747.000,459
skycell.0748.000,460
skycell.0748.001,461
skycell.0748.002,462
skycell.0748.003,463
skycell.0748.004,464
skycell.0748.005,465
skycell.0748.006,466
skycell.0748.007,467
skycell.0748.008,468
skycell.0748.009,469
skycell.0748.010,470
skycell.0748.011,471
skycell.0748.012,472
skycell.0748.013,473
skycell.0748.014,474
skycell.0748.015,475
skycell.0748.016,476
skycell.0748.017,477
skycell.0748.018,478
skycell.0748.019,479
skycell.0748.020,480
skycell.0748.021,481
skycell.0748.022,482
skycell.0748.023,483
skycell.0748.024,484
skycell.0748.025,485
skycell.0748.026,486
skycell.0748.027,487
skycell.0748.028,488
skycell.0748.029,489
skycell.0748.030,490
skycell.0748.031,491
skycell.0748.032,492
skycell.0748.033,493
skycell.0748.034,494
skycell.0748.035,495
skycell.0748.036,496
skycell.0748.037,497
skycell.0748.038,498
skycell.0748.040,499
skycell.0748.041,500
skycell.0748.042,501
skycell.0748.043,502
skycell.0748.044,503
skycell.0748.045,504
skycell.0748.046,505
skycell.0748.047,506
skycell.0748.048,507
skycell.0748.050,508
skycell.0748.051,509
skycell.0748.052,510
skycell.0748.053,511
skycell.0748.054,512
skycell.0748.055,513
skycell.0748.056,514
skycell.0748.057,515
skycell.0748.058,516
skycell.0748.060,517
skycell.0748.061,518
skycell.0748.062,519
skycell.0748.063,520
skycell.0748.064,521
skycell.0748.065,522
skycell.0748.066,523
skycell.0748.067,524
skycell.0748.070,525
skycell.0748.071,526
skycell.0748.072,527
skycell.0748.073,528
skycell.0748.074,529
skycell.0748.075,530
skycell.0748.076,531
skycell.0748.077,532
skycell.0748.080,533
skycell.0748.081,534
skycell.0748.082,535
skycell.0748.083,536
skycell.0748.084,537
skycell.0748.085,538
skycell.0748.086,539
skycell.0748.090,540
skycell.0748.091,541
skycell.0748.092,542
skycell.0748.093,543
skycell.0748.094,544
skycell.0748.095,545
skycell.0748.096,546
skycell.0749.000,547
skycell.0749.001,548
skycell.0749.002,549
skycell.0749.003,550
skycell.0749.004,551
skycell.0749.005,552
skycell.0749.006,553
skycell.0749.007,554
skycell.0749.008,555
skycell.0749.009,556
skycell.0749.010,557
skycell.0749.011,558
skycell.0749.012,559
skycell.0749.013,560
skycell.0749.014,561
skycell.0749.015,562
skycell.0749.016,563
skycell.0749.017,564
skycell.0749.018,565
skycell.0749.019,566
skycell.0749.020,567
skycell.0749.021,568
skycell.0749.022,569
skycell.0749.023,570
skycell.0749.024,571
skycell.0749.025,572
skycell.0749.026,573
skycell.0749.027,574
skycell.0749.028,575
skycell.0749.029,576
skycell.0749.030,577
skycell.0749.031,578
skycell.0749.032,579
skycell.0749.033,580
skycell.0749.034,581
skycell.0749.035,582
skycell.0749.036,583
skycell.0749.037,584
skycell.0749.038,585
skycell.0749.039,586
skycell.0749.040,587
skycell.0749.041,588
skycell.0749.042,589
skycell.0749.043,590
skycell.0749.044,591
skycell.0749.045,592
skycell.0749.046,593
skycell.0749.047,594
skycell.0749.048,595
skycell.0749.049,596
skycell.0749.050,597
skycell.0749.051,598
skycell.0749.052,599
skycell.0749.053,600
skycell.0749.054,601
skycell.0749.055,602
skycell.0749.056,603
skycell.0749.057,604
skycell.0749.058,605
skycell.0749.059,606
skycell.0749.060,607
skycell.0749.061,608
skycell.0749.062,609
skycell.0749.063,610
skycell.0749.064,611
skycell.0749.065,612
skycell.0749.066,613
skycell.0749.067,614
skycell.0749.068,615
skycell.0749.069,616
skycell.0749.070,617
skycell.0749.071,618
skycell.0749.072,619
skycell.0749.073,620
skycell.0749.074,621
skycell.0749.075,622
skycell.0749.076,623
skycell.0749.077,624
skycell.0749.078,625
skycell.0749.079,626
skycell.0749.080,627
skycell.0749.081,628
skycell.0749.082,629
skycell.0749.083,630
skycell.0749.084,631
skycell.0749.085,632
skycell.0749.086,633
skycell.0749.087,634
skycell.0749.088,635
skycell.0749.089,636
skycell.0749.090,637
skycell.0749.091,638
skycell.0749.092,639
skycell.0749.093,640
skycell.0749.094,641
skycell.0749.095,642
skycell.0749.096,643
skycell.0749.097,644
skycell.0749.098,645
skycell.0749.099,646
skycell.0750.000,647
skycell.0750.001,648
skycell.0750.002,649
skycell.0750.003,650
skycell.0750.004,651
skycell.0750.005,652
skycell.0750.006,653
skycell.0750.007,654
skycell.0750.008,655
skycell.0750.009,656
skycell.0750.010,657
skycell.0750.011,658
skycell.0750.012,659
skycell.0750.013,660
skycell.0750.014,661
skycell.0750.015,662
skycell.0750.016,663
skycell.0750.017,664
skycell.0750.018,665
skycell.0750.019,666
skycell.0750.020,667
skycell.0750.021,668
skycell.0750.022,669
skycell.0750.023,670
skycell.0750.024,671
skycell.0750.025,672
skycell.0750.026,673
skycell.0750.027,674
skycell.0750.028,675
skycell.0750.029,676
skycell.0750.030,677
skycell.0750.031,678
skycell.0750.032,679
skycell.0750.033,680
skycell.0750.034,681
skycell.0750.035,682
skycell.0750.036,683
skycell.0750.037,684
skycell.0750.038,685
skycell.0750.039,686
skycell.0750.040,687
skycell.0750.041,688
skycell.0750.042,689
skycell.0750.043,690
skycell.0750.044,691
skycell.0750.045,692
skycell.0750.046,693
skycell.0750.047,694
skycell.0750.048,695
skycell.0750.049,696
skycell.0750.050,697
skycell.0750.051,698
skycell.0750.052,699
skycell.0750.053,700
skycell.0750.054,701
skycell.0750.055,702
skycell.0750.056,703
skycell.0750.057,704
skycell.0750.058,705
skycell.0750.059,706
skycell.0750.060,707
skycell.0750.061,708
skycell.0750.062,709
skycell.0750.063,710
skycell.0750.064,711
skycell.0750.065,712
skycell.0750.066,713
skycell.0750.067,714
skycell.0750.068,715
skycell.0750.069,716
skycell.0750.070,717
skycell.0750.071,718
skycell.0750.072,719
skycell.0750.073,720
skycell.0750.074,721
skycell.0750.075,722
skycell.0750.076,723
skycell.0750.077,724
skycell.0750.078,725
skycell.0750.079,726
skycell.0750.080,727
skycell.0750.081,728
skycell.0750.082,729
skycell.0750.083,730
skycell.0750.084,731
skycell.0750.085,732
skycell.0750.086,733
skycell.0750.087,734
skycell.0750.088,735
skycell.0750.089,736
skycell.0750.090,737
skycell.0750.091,738
skycell.0750.092,739
skycell.0750.093,740
skycell.0750.094,741
skycell.0750.095,742
skycell.0750.096,743
skycell.0750.097,744
skycell.0750.098,745
skycell.0750.099,746
skycell.0751.000,747
skycell.0751.001,748
skycell.0751.002,749
skycell.0751.003,750
skycell.0751.004,751
skycell.0751.005,752
skycell.0751.006,753
skycell.0751.007,754
skycell.0751.008,755
skycell.0751.009,756
skycell.0751.010,757
skycell.0751.011,758
skycell.0751.012,759
skycell.0751.013,760
skycell.0751.014,761
skycell.0751.015,762
skycell.0751.016,763
skycell.0751.017,764
skycell.0751.018,765
skycell.0751.019,766
skycell.0751.020,767
skycell.0751.021,768
skycell.0751.022,769
skycell.0751.023,770
skycell.0751.024,771
skycell.0751.025,772
skycell.0751.026,773
skycell.0751.027,774
skycell.0751.028,775
skycell.0751.029,776
skycell.0751.030,777
skycell.0751.031,778
skycell.0751.032,779
skycell.0751.033,780
skycell.0751.034,781
skycell.0751.035,782
skycell.0751.036,783
skycell.0751.037,784
skycell.0751.038,785
skycell.0751.039,786
skycell.0751.040,787
skycell.0751.041,788
skycell.0751.042,789
skycell.0751.043,790
skycell.0751.044,791
skycell.0751.045,792
skycell.0751.046,793
skycell.0751.047,794
skycell.0751.048,795
skycell.0751.049,796
skycell.0751.050,797
skycell.0751.051,798
skycell.0751.052,799
skycell.0751.053,800
skycell.0751.054,801
skycell.0751.055,802
skycell.0751.056,803
skycell.0751.057,804
skycell.0751.058,805
skycell.0751.059,806
skycell.0751.060,807
skycell.0751.061,808
skycell.0751.062,809
skycell.0751.063,810
skycell.0751.064,811
skycell.0751.065,812
skycell.0751.066,813
skycell.0751.067,814
skycell.0751.068,815
skycell.0751.069,816
skycell.0751.070,817
skycell.0751.071,818
skycell.0751.072,819
skycell.0751.073,820
skycell.0751.074,821
skycell.0751.075,822
skycell.0751.076,823
skycell.0751.077,824
skycell.0751.078,825
skycell.0751.079,826
skycell.0751.080,827
skycell.0751.081,828
skycell.0751.082,829
skycell.0751.083,830
skycell.0751.084,831
skycell.0751.085,832
skycell.0751.086,833
skycell.0751.087,834
skycell.0751.088,835
skycell.0751.089,836
skycell.0751.090,837
skycell.0751.091,838
skycell.0751.092,839
skycell.0751.093,840
skycell.0751.094,841
skycell.0751.095,842
skycell.0751.096,843
skycell.0751.097,844
skycell.0751.098,845
skycell.0751.099,846
skycell.0752.003,847
skycell.0752.004,848
skycell.0752.005,849
skycell.0752.006,850
skycell.0752.007,851
skycell.0752.008,852
skycell.0752.009,853
skycell.0752.013,854
skycell.0752.014,855
skycell.0752.015,856
skycell.0752.016,857
skycell.0752.017,858
skycell.0752.018,859
skycell.0752.019,860
skycell.0752.024,861
skycell.0752.025,862
skycell.0752.026,863
skycell.0752.027,864
skycell.0752.028,865
skycell.0752.029,866
skycell.0752.034,867
skycell.0752.035,868
skycell.0752.036,869
skycell.0752.037,870
skycell.0752.038,871
skycell.0752.039,872
skycell.0752.044,873
skycell.0752.045,874
skycell.0752.046,875
skycell.0752.047,876
skycell.0752.048,877
skycell.0752.049,878
skycell.0752.055,879
skycell.0752.056,880
skycell.0752.057,881
skycell.0752.058,882
skycell.0752.059,883
skycell.0752.065,884
skycell.0752.066,885
skycell.0752.067,886
skycell.0752.068,887
skycell.0752.069,888
skycell.0752.076,889
skycell.0752.077,890
skycell.0752.078,891
skycell.0752.079,892
skycell.0752.086,893
skycell.0752.087,894
skycell.0752.088,895
skycell.0752.089,896
skycell.0752.097,897
skycell.0752.098,898
skycell.0752.099,899
skycell.0831.000,900
skycell.0831.001,901
skycell.0831.002,902
skycell.0831.003,903
skycell.0831.004,904
skycell.0831.005,905
skycell.0831.006,906
skycell.0831.007,907
skycell.0831.010,908
skycell.0831.011,909
skycell.0831.012,910
skycell.0831.013,911
skycell.0831.014,912
skycell.0831.015,913
skycell.0831.016,914
skycell.0831.020,915
skycell.0831.021,916
skycell.0831.022,917
skycell.0831.023,918
skycell.0831.024,919
skycell.0831.025,920
skycell.0831.030,921
skycell.0831.031,922
skycell.0831.032,923
skycell.0831.033,924
skycell.0831.034,925
skycell.0831.040,926
skycell.0831.041,927
skycell.0831.042,928
skycell.0831.043,929
skycell.0831.050,930
skycell.0831.051,931
skycell.0831.060,932
skycell.0832.000,933
skycell.0832.001,934
skycell.0832.002,935
skycell.0832.003,936
skycell.0832.004,937
skycell.0832.005,938
skycell.0832.006,939
skycell.0832.007,940
skycell.0832.008,941
skycell.0832.009,942
skycell.0832.010,943
skycell.0832.011,944
skycell.0832.012,945
skycell.0832.013,946
skycell.0832.014,947
skycell.0832.015,948
skycell.0832.016,949
skycell.0832.017,950
skycell.0832.018,951
skycell.0832.019,952
skycell.0832.020,953
skycell.0832.021,954
skycell.0832.022,955
skycell.0832.023,956
skycell.0832.024,957
skycell.0832.025,958
skycell.0832.026,959
skycell.0832.027,960
skycell.0832.028,961
skycell.0832.029,962
skycell.0832.030,963
skycell.0832.031,964
skycell.0832.032,965
skycell.0832.033,966
skycell.0832.034,967
skycell.0832.035,968
skycell.0832.036,969
skycell.0832.037,970
skycell.0832.038,971
skycell.0832.039,972
skycell.0832.040,973
skycell.0832.041,974
skycell.0832.042,975
skycell.0832.043,976
skycell.0832.044,977
skycell.0832.045,978
skycell.0832.046,979
skycell.0832.047,980
skycell.0832.048,981
skycell.0832.049,982
skycell.0832.050,983
skycell.0832.051,984
skycell.0832.052,985
skycell.0832.053,986
skycell.0832.054,987
skycell.0832.055,988
skycell.0832.056,989
skycell.0832.057,990
skycell.0832.058,991
skycell.0832.059,992
skycell.0832.060,993
skycell.0832.061,994
skycell.0832.062,995
skycell.0832.063,996
skycell.0832.064,997
skycell.0832.065,998
skycell.0832.066,999
skycell.0832.067,1000
skycell.0832.068,1001
skycell.0832.069,1002
skycell.0832.070,1003
skycell.0832.071,1004
skycell.0832.072,1005
skycell.0832.073,1006
skycell.0832.074,1007
skycell.0832.075,1008
skycell.0832.076,1009
skycell.0832.077,1010
skycell.0832.078,1011
skycell.0832.080,1012
skycell.0832.081,1013
skycell.0832.082,1014
skycell.0832.083,1015
skycell.0832.084,1016
skycell.0832.085,1017
skycell.0832.086,1018
skycell.0832.090,1019
skycell.0832.091,1020
skycell.0832.092,1021
skycell.0832.093,1022
skycell.0833.000,1023
skycell.0833.001,1024
skycell.0833.002,1025
skycell.0833.003,1026
skycell.0833.004,1027
skycell.0833.005,1028
skycell.0833.006,1029
skycell.0833.007,1030
skycell.0833.008,1031
skycell.0833.009,1032
skycell.0833.010,1033
skycell.0833.011,1034
skycell.0833.012,1035
skycell.0833.013,1036
skycell.0833.014,1037
skycell.0833.015,1038
skycell.0833.016,1039
skycell.0833.017,1040
skycell.0833.018,1041
skycell.0833.019,1042
skycell.0833.020,1043
skycell.0833.021,1044
skycell.0833.022,1045
skycell.0833.023,1046
skycell.0833.024,1047
skycell.0833.025,1048
skycell.0833.026,1049
skycell.0833.027,1050
skycell.0833.028,1051
skycell.0833.029,1052
skycell.0833.030,1053
skycell.0833.031,1054
skycell.0833.032,1055
skycell.0833.033,1056
skycell.0833.034,1057
skycell.0833.035,1058
skycell.0833.036,1059
skycell.0833.037,1060
skycell.0833.038,1061
skycell.0833.039,1062
skycell.0833.040,1063
skycell.0833.041,1064
skycell.0833.042,1065
skycell.0833.043,1066
skycell.0833.044,1067
skycell.0833.045,1068
skycell.0833.046,1069
skycell.0833.047,1070
skycell.0833.048,1071
skycell.0833.049,1072
skycell.0833.050,1073
skycell.0833.051,1074
skycell.0833.052,1075
skycell.0833.053,1076
skycell.0833.054,1077
skycell.0833.055,1078
skycell.0833.056,1079
skycell.0833.057,1080
skycell.0833.058,1081
skycell.0833.059,1082
skycell.0833.060,1083
skycell.0833.061,1084
skycell.0833.062,1085
skycell.0833.063,1086
skycell.0833.064,1087
skycell.0833.065,1088
skycell.0833.066,1089
skycell.0833.067,1090
skycell.0833.068,1091
skycell.0833.069,1092
skycell.0833.070,1093
skycell.0833.071,1094
skycell.0833.072,1095
skycell.0833.073,1096
skycell.0833.074,1097
skycell.0833.075,1098
skycell.0833.076,1099
skycell.0833.077,1100
skycell.0833.078,1101
skycell.0833.079,1102
skycell.0833.080,1103
skycell.0833.081,1104
skycell.0833.082,1105
skycell.0833.083,1106
skycell.0833.084,1107
skycell.0833.085,1108
skycell.0833.086,1109
skycell.0833.087,1110
skycell.0833.088,1111
skycell.0833.089,1112
skycell.0833.092,1113
skycell.0833.093,1114
skycell.0833.094,1115
skycell.0833.095,1116
skycell.0833.096,1117
skycell.0833.097,1118
skycell.0833.098,1119
skycell.0833.099,1120
skycell.0834.000,1121
skycell.0834.001,1122
skycell.0834.002,1123
skycell.0834.003,1124
skycell.0834.004,1125
skycell.0834.005,1126
skycell.0834.006,1127
skycell.0834.007,1128
skycell.0834.008,1129
skycell.0834.009,1130
skycell.0834.010,1131
skycell.0834.011,1132
skycell.0834.012,1133
skycell.0834.013,1134
skycell.0834.014,1135
skycell.0834.015,1136
skycell.0834.016,1137
skycell.0834.017,1138
skycell.0834.018,1139
skycell.0834.019,1140
skycell.0834.020,1141
skycell.0834.021,1142
skycell.0834.022,1143
skycell.0834.023,1144
skycell.0834.024,1145
skycell.0834.025,1146
skycell.0834.026,1147
skycell.0834.027,1148
skycell.0834.028,1149
skycell.0834.029,1150
skycell.0834.031,1151
skycell.0834.032,1152
skycell.0834.033,1153
skycell.0834.034,1154
skycell.0834.035,1155
skycell.0834.036,1156
skycell.0834.037,1157
skycell.0834.038,1158
skycell.0834.039,1159
skycell.0834.042,1160
skycell.0834.043,1161
skycell.0834.044,1162
skycell.0834.045,1163
skycell.0834.046,1164
skycell.0834.047,1165
skycell.0834.048,1166
skycell.0834.049,1167
skycell.0834.054,1168
skycell.0834.055,1169
skycell.0834.056,1170
skycell.0834.057,1171
skycell.0834.058,1172
skycell.0834.059,1173
skycell.0834.065,1174
skycell.0834.066,1175
skycell.0834.067,1176
skycell.0834.068,1177
skycell.0834.069,1178
skycell.0834.077,1179
skycell.0834.078,1180
skycell.0834.079,1181
skycell.0834.089,1182
skycell.0835.008,1183
skycell.0835.009,1184
skycell.0835.019,1185
